LAT;LONG;TYPE;NAME
-86.936692;34.781691;AL Cracker Barrel;Athens-1212 Kelli Dr  I-65 Exit #351 ,Bus and RV Parking,(256) 232-4141
-87.003464;33.365375;AL Cracker Barrel;Bessemer-5040 Academy Ln  I-59 Exit #108 ,Bus and RV Parking,(205) 428-7080
-86.733672;33.434905;AL Cracker Barrel;Birmingham-3415 Colonnade Pkwy  I-459 Exit #19 ,(205) 969-1126
-86.74995;33.146436;AL Cracker Barrel;Calera-199 Supercenter Dr  I-65 Exit #231 ,Bus and RV Parking,(205) 668-2027
-86.874196;34.206951;AL Cracker Barrel;Cullman-6020 State Hwy 157 NW  I-65 Exit #310 ,Bus and RV Parking,(256) 739-6950
-86.990894;34.559953;AL Cracker Barrel;Decatur-407 Beltline Road SW ,Bus and RV Parking,(256)350-6263
-85.43071;31.245528;AL Cracker Barrel;Dothan-3431 Ross Clark Circle ,Bus and RV Parking,(334) 673-8454
-87.627494;34.827475;AL Cracker Barrel;Florence-150 Cox Creek Parkway S. ,(256) 766-2442
-87.683644;30.367997;AL Cracker Barrel;Foley-3150 South McKenzie St,Bus and RV Parking,(251) 943-7060
-85.7356;34.4574;AL Cracker Barrel;Fort Payne-201 Cracker Barrel-Row SW  I-59 Exit #218 ,Bus and RV Parking,(256) 997-9204
-86.634868;31.855876;AL Cracker Barrel;Gadsden-180 Interstate Dr Greenville I-65 Exit #130 ,(334) 382-2691
-86.830906;33.647895;AL Cracker Barrel;Gardendale-901 Fieldstown Rd ,(205) 631-8011
-86.634868;31.856063;AL Cracker Barrel;Greenville-181 Interstate Dr ,(334) 382-2691
-86.314283;34.336117;AL Cracker Barrel;Guntersville 11635 US Hwy 431 South ,Bus and RV Parking,(256) 894-3391
-86.897479;34.448065;AL Cracker Barrel;Hartselle-1909 Uncle Herschel Way SE I-65 and SR 36 ,Bus and RV Parking,(256)751-4991
-86.588694;34.705367;AL Cracker Barrel;Huntsville-2001 Drake Ave SW ,(256) 881-4177
-86.519871;33.567567;AL Cracker Barrel;Leeds-2003 Village Dr  I-20 Exit #144 ,Bus and RV Parking,(205) 640-2478
-86.7539;34.6712;AL Cracker Barrel;Madison-120 Cleghorn Blvd.  I-565 Exit #8 ,Bus and RV Parking,(256) 461-7670
-88.126258;30.667748;AL Cracker Barrel;Mobile-43 East I-65 Service Road S.  I-65 Exit #4 ,Bus and RV Parking,(251) 473-6761
-88.224912;30.672365;AL Cracker Barrel;Mobile-845-A Schillinger Road S. ,Bus and RV Parking,(251) 633-8200
-86.140407;32.366205;AL Cracker Barrel;Montgomery-9191 Boyd-Cooper Parkway  I-85 Exit #11 ,Bus and RV Parking,(334) 244-1085
-85.3481;32.651584;AL Cracker Barrel;Opelika-1051 Fox Run Ave  I-85 Exit #62 ,Bus and RV Parking,(334) 749-2363
-85.78507;33.596408;AL Cracker Barrel;Oxford-220 Morgan Rd I-20 Exit #188 ,Bus and RV Parking,(256) 835-6700
-86.782319;33.335663;AL Cracker Barrel;Pelham-655 Cahaba Valley Road  I-65 Exit #246 ,(205) 987-1555
-86.276157;33.608099;AL Cracker Barrel;Pell City-260 Vaughn Ln  I-20 Exit #158 ,Bus and RV Parking,(205) 338-1012
-86.411471;32.486791;AL Cracker Barrel;Prattville-796 Business Park Dr  I-65 Exit #181 ,Bus and RV Parking,(334) 365-9600
-87.85049;30.665511;AL Cracker Barrel;Spanish Fort-30227 Eastern Shore Court  I-10 Exit #38 ,Bus and RV Parking,(251) 621-4826
-86.614666;33.640098;AL Cracker Barrel;Trussville-4710 Norrell Dr  I-59 Exit #141 ,Bus and RV Parking,(205) 655-8498
-87.4759;33.1761;AL Cracker Barrel;Tuscaloosa-4800 Doris Pate Dr  I-59 Exit #76 ,Bus and RV Parking,(205) 562-8282
-94.228149;35.489967;AR Cracker Barrel;Alma-431 US 71 North  I-40 Exit #13 ,Bus and RV Parking,(479) 632-0767
-93.072419;34.187945;AR Cracker Barrel;Arkadelphia-173 Valley St  I-30 Exit #78 ,Bus and RV Parking,(870) 230-8875
-92.499946;34.620843;AR Cracker Barrel;Bryant-318 Commerce St  I-30 Exit #123 ,Bus and RV Parking,(501) 847-7878
-92.412971;35.115679;AR Cracker Barrel;Conway-525 US 65 North  I-40 Exit #125 ,Bus and RV Parking,(501) 327-6107
-93.057306;34.46435;AR Cracker Barrel;Hot Springs 170 Pakis St ,Bus and RV Parking,(501) 525-4704
-90.674334;35.809121;AR Cracker Barrel;Jonesboro-2621 Phillips Dr ,Bus and RV Parking,(870) 932-9732
-92.21928;34.78481;AR Cracker Barrel;North Little Rock-3101 Springhille Dr N.  I-40 Exit #156 ,Bus and RV Parking,(501) 945-9373
-93.1333;35.303336;AR Cracker Barrel;Russellville-211 East Harrell Dr  I-40 Exit #81 ,Bus and RV Parking,(479) 968-5983
-94.184609;36.177768;AR Cracker Barrel;Springdale-1022 South 48th St ,Bus and RV Parking,(479) 872-2040
-90.180326;35.165761;AR Cracker Barrel;W. Memphis-1600 N 6th St  I-40 Exit #278 ,Bus and RV Parking,(870) 733-0469
-92.394867;34.729688;AR Cracker Barrel;West Little Rock-2618 S Shackleford Road  I-430 Exit #5 ,Bus and RV Parking,(501) 225-7100
-112.5571;33.44141;AZ Cracker Barrel;Buckeye-606 S Watson Rd  I-10 Exit #117 ,(623) 474-0008
-111.688751;32.879611;AZ Cracker Barrel;Casa Grande-2281 East Florence Blvd.  I-10 Exit #194 ,Bus and RV Parking,(520) 421-2101
-111.617417;35.196167;AZ Cracker Barrel;Flagstaff-2560 E. Lucky Ln  I-40 Exit #198 ,Bus and RV Parking,(928) 773-1524
-112.260261;33.537382;AZ Cracker Barrel;Glendale-9312 W. Glendale Ave ,(623) 772-1930
-112.357478;33.459605;AZ Cracker Barrel;Goodyear-1209 North Litchfield Road  I-10 Exit #128 ,Bus and RV Parking,(623) 856-5161
-114.035657;35.225603;AZ Cracker Barrel;Kingman-3520 Stockton Hill Rd.  I-40 Exit #51 ,Bus and RV Parking,(928) 757-9000
-111.872679;33.432718;AZ Cracker Barrel;Mesa-1007 N. Dobson Road ,(480) 668-4780
-112.241986;33.63684;AZ Cracker Barrel;Peoria-16845 North 84th Ave ,Bus and RV Parking,(623) 875-1136
-112.114293;33.681684;AZ Cracker Barrel;Phoenix-21611 N. 26th Ave  I-17 Exit #215B ,Bus and RV Parking,(623) 582-6020
-111.975603;33.305371;AZ Cracker Barrel;Phoenix-5022 E. Chandler Blvd  I-10 Exit #160 ,Bus and RV Parking,(480) 961-9443
-112.367133;34.574224;AZ Cracker Barrel;Prescott Valley 5707 E. State Route  69 ,(928) 772-0447
-111.092782;32.359248;AZ Cracker Barrel;Tucson-8400 N. Cracker Barrel Dr  I-10 Exit #246 ,Bus and RV Parking,(520) 579-1845
-114.603963;32.695329;AZ Cracker Barrel;Yuma-1780 S. Sunridge Dr  I-8 Exit #2 ,Bus and RV Parking,(928) 343-1988
-104.80323;38.951283;CO Cracker Barrel;Colorado Springs-8355 Razorback Dr  I-25 Exit #150 ,Bus and RV Parking,(719) 260-7721
-104.993993;40.410362;CO Cracker Barrel;Loveland-5800 McWhinney Blvd  I-25 Exit #257 ,Bus and RV Parking,(970) 593-9947
-104.991698;39.913032;CO Cracker Barrel;Northglenn-350 West 120th Ave  I-25 Exit #223 ,Bus and RV Parking,(303) 280-9634
-104.617063;38.322161;CO Cracker Barrel;Pueblo-4735 Elizabeth St North  I-25 Exit #102 ,Bus and RV Parking,(719) 595-0711
-72.604787;41.932376;CT Cracker Barrel;East Windsor-145 Prospect Hill Rd  I-91 Exit #45 ,Bus and RV Parking,(860) 623-8824
-73.019221;41.237756;CT Cracker Barrel;Milford-30 Research Dr  I-95 Exit #40 ,Bus and RV Parking,(203) 877-7595
-75.1352;38.7325;DE Cracker Barrel;Rehoboth Beach-4357 SR 1 ,Bus and RV Parking,(302) 226-8993
-81.389543;28.66583;FL Cracker Barrel;Altamonte Springs-285 Douglas Ave  I-4 Exit #48 ,Bus and RV Parking,(407) 682-1095
-82.153606;29.024992;FL Cracker Barrel;Belleview-13561 SW 17th Ct  I-75 Exit #341 ,Bus and RV Parking,(352) 307-7222
-80.078132;26.515896;FL Cracker Barrel;Boynton Beach-1475 SW 8th St  I-95 Exit #56 ,Bus and RV Parking,(561) 736-6001
-82.583895;27.461743;FL Cracker Barrel;Bradenton -2203 Cortez Rd W ,(941) 753-9433
-82.474861;27.494587;FL Cracker Barrel;Bradenton-636 67th St Circle E  I-75 Exit #220 ,Bus and RV Parking,(941) 746-7886
-82.236266;28.521193;FL Cracker Barrel;Brooksville-30405 Cracker Crossing  I-75 Exit #301 ,Bus and RV Parking,(352) 799-3101
-82.688609;27.89459;FL Cracker Barrel;Clearwater-4011 Ulmerton Road ,Bus and RV Parking,(727) 572-8685
-81.727115;28.547292;FL Cracker Barrel;Clermont-1520 East SR 50 ,Bus and RV Parking,(352) 243-9608
-86.570341;30.723949;FL Cracker Barrel;Crestview-201 Cracker Barrel Rd  I-10 Exit #56 ,Bus and RV Parking,(850) 682-8804
-81.655311;28.243541;FL Cracker Barrel;Davenport-111 Dunson Ln  I-4 Exit #55 ,Bus and RV Parking,(863) 424-8100
-81.07841;29.183043;FL Cracker Barrel;Daytona Beach-2325 W. International Speedway Blvd  I-95 Exit #261A ,Bus and RV Parking,(386) 248-0034
-80.119041;26.301109;FL Cracker Barrel;Deerfield Beach-1250 SW 11th Way  I-95 Exit #41 ,Bus and RV Parking,(954) 426-4100
-86.424722;30.388474;FL Cracker Barrel;Destin-34930 Emerald Coast Pkwy ,Bus and RV Parking,(850) 269-3344
-80.477145;25.447242;FL Cracker Barrel;Florida City-155 N. Krome Ave  US 1 Exit #1 ,(305) 248-2033
-81.79077;26.54687;FL Cracker Barrel;Ft. Myers-10090 Daniels Pky  I-75 Exit #131 ,Bus and RV Parking,(239) 561-6461
-81.796904;26.683941;FL Cracker Barrel;Ft. Myers-4260 Boatways Dr  I-75 Exit #141 ,Bus and RV Parking,(239) 693-2244
-80.390191;27.418946;FL Cracker Barrel;Ft. Pierce-2550 Peters Rd  I-95 Exit #129 ,Bus and RV Parking,(772) 595-9393
-82.388419;29.617665;FL Cracker Barrel;Gainesville-4001 S.W. 43rd St  I-75 Exit #384 ,Bus and RV Parking,(352) 375-2424
-81.642594;30.478985;FL Cracker Barrel;Jacksonville-13250 City Station Dr  I-95 Exit #36 ,Bus and RV Parking,(904) 751-3678
-81.551508;30.331914;FL Cracker Barrel;Jacksonville-438 Commerce Center Dr ,(904) 805-9220
-81.597159;30.248458;FL Cracker Barrel;Jacksonville-4680 Lenoir Ave  I-95 Exit #344 ,Bus and RV Parking,(904) 296-7530
-81.844025;30.307837;FL Cracker Barrel;Jacksonville-502 Chaffee Point Blvd  I-10 Exit #351 ,Bus and RV Parking,(904) 783-0254
-80.27774;27.255648;FL Cracker Barrel;Jensen Beach-4101 NW Federal Hwy   US-1 ,Bus and RV Parking,(772) 692-6934
-81.499221;28.331955;FL Cracker Barrel;Kissimmee-5400 W. Irlo Bronson Memorial Hwy  I-4 Exit #64A ,Bus and RV Parking,(407) 396-6521
-81.959958;28.955771;FL Cracker Barrel;Lady Lake-13637 US Hwy 27/441 ,(352) 259-6603
-82.598737;29.997232;FL Cracker Barrel;Lake City-1468 Commerce Blvd  I-75 and US 90 Exit #427 ,Bus and RV Parking,(386) 755-5638
-81.952704;28.097857;FL Cracker Barrel;Lakeland-4343 Lakeland Park Dr  I-4 Exit #33 ,Bus and RV Parking,(863) 853-5405
-81.800514;28.826314;FL Cracker Barrel;Leesburg-9450 US 441 ,Bus and RV Parking,(352) 315-8447
-80.720181;28.231562;FL Cracker Barrel;Melbourne-7225 George T. Edwards Dr  I-95 Exit #191 ,Bus and RV Parking,(321) 242-0350
-81.685416;26.157056;FL Cracker Barrel;Naples-3845 Tollgate Blvd.  I-75 Exit #101 ,Bus and RV Parking,(239) 455-6588
-82.728202;28.236745;FL Cracker Barrel;New Port Richey-5341 US Hwy 19 ,(727) 849-5147
-82.186428;29.149779;FL Cracker Barrel;Ocala-3801 SW College Rd  I-75 Exit #350 ,Bus and RV Parking,(352) 854-7870
-81.702122;30.190796;FL Cracker Barrel;Orange Park-4272 Eldridge Loop  I-295 Exit #10 ,Bus and RV Parking,(904) 264-2292
-81.405076;28.370728;FL Cracker Barrel;Orlando-13300 S. Orange Blossom Trail ,(407) 857-6124
-81.309686;28.46639;FL Cracker Barrel;Orlando-6699 S Semoran Blvd ,Bus and RV Parking,(407) 240-0103
-81.116803;29.255401;FL Cracker Barrel;Ormond Beach-125 Interchange Blvd  I-95 Exit #268 ,Bus and RV Parking,(386) 673-5400
-81.600748;28.342428;FL Cracker Barrel;Osceola/Kissimmee-7878 W. Irlo Bronson Memorial ,Bus and RV Parking,(407) 390-1190
-80.639359;28.0354;FL Cracker Barrel;Palm Bay-1175 Palm Bay Rd NE ,(321) 952-7555
-81.213343;29.553829;FL Cracker Barrel;Palm Coast-4 Kingswood Dr  I-95 Exit #289 ,Bus and RV Parking,(386) 445-2127
-80.348403;26.025378;FL Cracker Barrel;Pembroke Pines-1960 N W 150th Ave  I-75 Exit #11 ,Bus and RV Parking,(954) 704-4020
-87.316104;30.521955;FL Cracker Barrel;Pensacola-8050 Lavelle Way  I-10 Exit #7 ,Bus and RV Parking,(850) 944-2090
-82.049697;27.01785;FL Cracker Barrel;Port Charlotte-800 Kings Hwy  I-75 Exit #170 ,Bus and RV Parking,(941) 624-4994
-81.334201;28.814258;FL Cracker Barrel;Sanford-200 Hickman Dr  I-4 Exit #101C ,Bus and RV Parking,(407) 324-1020
-82.30541;28.006651;FL Cracker Barrel;Seffner-6150 Lazy Days Blvd  I-4 Exit #10 ,Bus and RV Parking,(813) 621-7323
-82.631182;28.454433;FL Cracker Barrel;Spring Hill- 1371 Commercial way Spring Hill Florida 34607 (352) 6882911,Bus and RV Parking
-81.412668;29.915115;FL Cracker Barrel;St Augustine-2441 State Road 16  I-95 Exit #318 ,Bus and RV Parking,(904) 829-9222
-82.662627;27.821825;FL Cracker Barrel;St. Petersburg-2151 54th Ave N  I-275 Exit #26 ,Bus and RV Parking,(727) 526-0031
-80.260019;27.112083;FL Cracker Barrel;Stuart-7461 S W Lost River Rd  I-95 Exit #10 ,Bus and RV Parking,(772) 781-0097
-84.30705;30.479909;FL Cracker Barrel;Tallahassee-2930 Hospitality Rd  I-10 Exit #199 ,(850) 385-9249
-82.646144;28.033488;FL Cracker Barrel;Tampa-13833 W. Hillsborough Ave ,(813) 855-4200
-82.425172;28.080951;FL Cracker Barrel;Tampa-3125 Cove Bend Dr ,(813) 977-8988
-80.853801;28.551922;FL Cracker Barrel;Titusville-4745 Helen Hauser Blvd  I-95 Exit #215 ,Bus and RV Parking,(321) 268-9911
-82.256885;27.938625;FL Cracker Barrel;Valrico-1880 State Road 60 E ,(813) 662-0607
-82.387304;27.11052;FL Cracker Barrel;Venice-445 Commercial Ct  I-75 Exit #193 ,Bus and RV Parking,(941) 480-9200
-80.51938;27.638422;FL Cracker Barrel;Vero Beach-9380 19th Ln  I-95 Exit #147 ,Bus and RV Parking,(772) 563-0066
-82.356907;28.239396;FL Cracker Barrel;Wesley Chapel-5636 Oakley Blvd  I-75 Exit #279 ,Bus and RV Parking,(813) 973-4884
-80.092778;26.758047;FL Cracker Barrel;West Palm Beach-2411 Metrocentre Blvd  I-95 Exit #74 ,Bus and RV Parking,(561) 686-0660
-81.58336;28.5368;FL Cracker Barrel;Winter Garden-3316 Daniels Rd ,Bus and RV Parking,(407) 654-2405
-84.909373;34.378299;GA Cracker Barrel;Adairsville-941 Hwy 140  I-75 Exit #306 ,Bus and RV Parking,(770) 773-1782
-84.21153;31.616217;GA Cracker Barrel;Albany-1114 Westover Blvd ,Bus and RV Parking,(229) 420-0058
-84.263938;34.0877;GA Cracker Barrel;Alpharetta-5580 Windward Pky   US-400 Exit #11 ,(770) 521-9597
-83.445111;33.91582;GA Cracker Barrel;Athens-1913 Epps Bridge Pkwy ,(706) 208-0304
-82.133499;33.480065;GA Cracker Barrel;Augusta-460 Park West Dr  I-20 Exit #194 ,Bus and RV Parking,(706) 650-2414
-83.76321;34.118733;GA Cracker Barrel;Braselton-301 Exchange Way  I-85 Exit #129 ,Bus and RV Parking,(706) 658-0009
-85.154541;33.687478;GA Cracker Barrel;Bremen-106 Price Creek Rd  I-20 Exit #11 ,Bus and RV Parking,(770) 537-0199
-81.523195;31.217903;GA Cracker Barrel;Brunswick-211 Warren Mason Blvd  I-95 Exit #36A/B ,Bus and RV Parking,(912) 267-7905
-83.952585;34.141165;GA Cracker Barrel;Buford-4758 Friendship Rd off I-985, (770) 831-5539
-84.916014;34.469654;GA Cracker Barrel;Calhoun-100 Cracker Barrel Dr  I-75 Exit #312 ,Bus and RV Parking,(706) 624-1661
-84.469672;34.253919;GA Cracker Barrel;Canton-715 Transit Ave  I-575 Exit #20 ,Bus and RV Parking,(770) 479-2336
-84.765292;34.205106;GA Cracker Barrel;Cartersville-5631 SR 20 NE  I-75 Exit #290 ,Bus and RV Parking,(770) 386-6973
-84.971066;32.53204;GA Cracker Barrel;Columbus-1500 Bradley Park Dr ,(706) 317-3460
-83.463111;34.257017;GA Cracker Barrel;Commerce-138 Eisenhower Dr  I-85 Exit #149 ,Bus and RV Parking,(706) 335-3788
-84.00643;33.655168;GA Cracker Barrel;Conyers-1182 Dogwood Dr  I-20 Exit #82 ,Bus and RV Parking,(770) 785-7600
-83.754436;31.958741;GA Cracker Barrel;Cordele-1905 Central Ave  I-75 Exit #101 ,Bus and RV Parking,(229) 271-0331
-84.1223096;34.1676526;GA Cracker Barrel;Cumming-675 Buford Hwy, (770) 205-1916
-85.00011;34.758187;GA Cracker Barrel;Dalton-938 Market St  I-75 Exit #333 ,Bus and RV Parking,(706) 226-5231
-84.759619;33.729574;GA Cracker Barrel;Douglasville-7060 Concource Pwy I-20 Exit #34 ,Bus and RV Parking,(770) 489-8588
-82.937958;32.487257;GA Cracker Barrel;Dublin-104 Travel Center Blvd  I-16 Exit #51 ,Bus and RV Parking,(478) 275-4220
-82.128951;33.536001;GA Cracker Barrel;Evans 544 N. Belair Rd ,(706) 228-3018
-84.577615;33.542195;GA Cracker Barrel;Fairburn-7995 Senoia Rd I-85 & Senoia Road Exit 61, (770) 969-0688
-84.57398;34.033315;GA Cracker Barrel;Kennesaw-3389 George Busbee Pky  I-75 Exit #271 ,(770) 429-1524
-81.670334;30.792234;GA Cracker Barrel;Kingsland-900 Boone Ave Ext.  I-95 Exit #3 ,Bus and RV Parking,(912) 576-1991
-84.97549;33.042199;GA Cracker Barrel;LaGrange-105 Hoffman Dr  I-85 Exit #18 ,Bus and RV Parking,(706) 884-0159
-83.2256;30.6809;GA Cracker Barrel;Lake Park-4914 Timber Dr  I-75 Exit #5 ,Bus and RV Parking,(229) 559-0864
-84.605851;33.774269;GA Cracker Barrel;Lithia Springs-970 West Point Ct  I-20 Exit #44 ,(678) 398-8568
-83.684527;32.899556;GA Cracker Barrel;Macon-3950 Riverside Dr  I-75 Exit #171 ,(478) 474-7029
-83.720469;32.813118;GA Cracker Barrel;Macon-4905 Brookhaven Rd  I-475 Exit #3 ,(478) 477-4848
-83.47411;33.554035;GA Cracker Barrel;Madison-2003 Eatonton Rd  I-20 Exit #114 ,Bus and RV Parking,(706) 343-9963
-84.491911;33.922624;GA Cracker Barrel;Marietta-2150 Delk Road  I-75 Exit #261 ,(770) 951-2602
-84.181935;33.430155;GA Cracker Barrel;McDonough-1124 Highway 20/81  I-75 Exit #218 ,Bus and RV Parking,(678) 583-9931
-84.344955;33.578355;GA Cracker Barrel;Morrow-1458 Southlake Plaza Dr  I-75 Exit #233 ,Bus and RV Parking,(770) 961-4533
-84.758809;33.396309;GA Cracker Barrel;Newnan-527 Bullsboro Dr  I-85 Exit #47 ,Bus and RV Parking,(770) 252-1055
-84.208806;33.910263;GA Cracker Barrel;Norcross-6175 McDonough Dr  I-85 Exit #99 ,(770) 446-1313
-83.752495;32.446814;GA Cracker Barrel;Perry-101 Lect Dr  I-75 Exit #135 ,Bus and RV Parking,(478) 987-2242
-81.230727;32.108527;GA Cracker Barrel;Pooler-1000 East Hwy. 80  I-95 Exit #102 ,Bus and RV Parking,(912) 748-7411
-85.128666;34.911569;GA Cracker Barrel;Ringgold-50 Biscuit Way  I-75 Exit #348 ,Bus and RV Parking,(706) 937-2785
-81.146912;31.981311;GA Cracker Barrel;Savannah-17017 Abercorn St  I-95 Exit #94 ,Bus and RV Parking,(912) 927-6559
-81.759142;32.4304;GA Cracker Barrel;Statesboro-216 Henry Blvd ,912-764-7612
-84.042097;34.027304;GA Cracker Barrel;Suwanee-75 Gwinco Blvd  I-85 Exit #111 ,Bus and RV Parking,(770) 932-5692
-83.446652;31.483261;GA Cracker Barrel;Tifton-708 U.S. 319 South  I-75 Exit #62 ,Bus and RV Parking,(229) 386-4412
-83.3234;30.842;GA Cracker Barrel;Valdosta-1195 St Augustine Rd  I-75 Exit #18 ,Bus and RV Parking,(229) 244-5258
-83.669241;32.618304;GA Cracker Barrel;Warner Robins-2700 Watson Blvd ,(478) 953-1818
-93.779387;41.600521;IA Cracker Barrel;Clive-11701 University Ave  I-35 I-80 Exit #124S/72C-N ,Bus and RV Parking,(515) 226-9603
-95.849056;41.231158;IA Cracker Barrel;Council Bluffs-530 30th Ave  I-29 I-80 Exit #3 ,Bus and RV Parking,(712) 366-6076
-90.570207;41.591671;IA Cracker Barrel;Davenport-300 Jason Way Court  I-80 Exit #295A ,Bus and RV Parking,(563) 386-4847
-116.274794;43.588393;ID Cracker Barrel;Boise-1733 South Cole Road  I-84 Exit #50A ,Bus and RV Parking,(208) 321-8280
-89.024974;40.483889;IL Cracker Barrel;Bloomington-502 Brock Dr  I-55 I-74 Exit #160A ,Bus and RV Parking,(309) 829-3155
-87.845326;41.175816;IL Cracker Barrel;Bourbonnais-50 Ken Hayes Dr  I-57 Exit #315 ,Bus and RV Parking,(815) 936-6022
-90.048041;38.612118;IL Cracker Barrel;Caseyville-2421 Old Country Inn Dr  I-64 Exit #9 ,Bus and RV Parking,(618) 397-1599
-88.954335;39.911046;IL Cracker Barrel;Decatur-5120 Hickory Point Frontage Rd  I-72 Exit #141B ,Bus and RV Parking,(217) 876-8036
-88.555927;39.141364;IL Cracker Barrel;Effingham-1101 Avenue of Mid-America  I-70 I-57 Exit #160 ,Bus and RV Parking,(217) 347-7130
-87.944206;42.377293;IL Cracker Barrel;Gurnee-5706 Northridge Dr  I-94 Exit #70 ,Bus and RV Parking,(847) 244-1512
-88.16648;41.494829;IL Cracker Barrel;Joliet-1511 Riverboat Center  I-80 Exit #127 ,Bus and RV Parking,(815) 744-0985
-89.413436;40.157623;IL Cracker Barrel;Lincoln-1013 Heitmann Dr ,Bus and RV Parking,(217) 732-4682
-88.962531;37.730002;IL Cracker Barrel;Marion-2602 W. Main St  I-57 Exit #53 ,Bus and RV Parking,(618) 993-6306
-87.737643;41.510305;IL Cracker Barrel;Matteson-1020 Corporate Lakes Dr  I-57 Exit #340 ,Bus and RV Parking,(708) 503-4000
-88.367083;39.481503;IL Cracker Barrel;Mattoon-1101 Charleston Ave  I-57 Exit #95 ,Bus and RV Parking,(217) 234-9091
-89.463608;40.625039;IL Cracker Barrel;Morton-150 E. Ashland St  I-74 Exit #102 ,Bus and RV Parking,(309) 263-2103
-88.954199;38.3152;IL Cracker Barrel;Mt. Vernon-4425 Fairfax Dr  I-57 I-64 Exit #95 ,Bus and RV Parking,(618) 242-9110
-88.208744;41.80216;IL Cracker Barrel;Naperville-1855 W. Diehl Rd  I-88 Exit #59 ,Bus and RV Parking,(630) 778-6699
-88.835936;41.379685;IL Cracker Barrel;Ottowa-4119 Columbus St  I-80 Exit #90 ,Bus and RV Parking,(815) 431-9779
-88.961135;42.274642;IL Cracker Barrel;Rockford-730 N. Lyford Rd  I-90 Exit #63 ,Bus and RV Parking,(815) 226-1944
-88.123915;41.657754;IL Cracker Barrel;Romerville-1295 Lakeview Dr  I-55 Exit #263 ,Bus and RV Parking,(630) 759-6171
-89.927038;38.574172;IL Cracker Barrel;Shiloh-3160 Green Mount Crossing Dr  I-64 Exit #16 ,Bus and RV Parking,(618) 624-7226
-89.639699;39.71499;IL Cracker Barrel;Springfield-5975 S 6th St  I-55 Exit #90 ,Bus and RV Parking,(217) 529-2290
-87.794479;41.554055;IL Cracker Barrel;Tinley Park-18531 N. Creek Dr  I-80 Exit #148 ,Bus and RV Parking,(708) 614-8066
-89.915212;38.732765;IL Cracker Barrel;Troy-2001 Formosa Rd  I-70 I-55 Exit #18 ,Bus and RV Parking,(618) 667-2021
-88.199421;40.133336;IL Cracker Barrel;Urbana-2101 N. Kenyon Rd  I-74 Exit #184 ,Bus and RV Parking,(217) 344-9087
-85.651828;40.055447;IN Cracker Barrel;Anderson-2012 East 59th St  I-69 Exit #26 ,(765) 642-6424
-85.085352;41.365367;IN Cracker Barrel;Auburn-1410 Shook Dr  I-69 Exit #129 ,Bus and RV Parking,(260) 925-0241
-86.634354;39.243144;IN Cracker Barrel;Bloomington-380 N Jacob Dr ,Bus and RV Parking,(812) 323-9114
-86.127771;38.235312;IN Cracker Barrel;Corydon-140 Pacer Dr NW  I-64 Exit #105 ,Bus and RV Parking,(812) 734-0407
-86.87455;40.04122;IN Cracker Barrel;Crawfordsville-1005 Candle View Lane I-74 and US 231 exit 34, (765) 362-5097
-85.963628;39.307794;IN Cracker Barrel;Edinburgh-11701 North U.S. 31  I-65 Exit #76 ,Bus and RV Parking,(812) 526-7968
-85.973967;41.734635;IN Cracker Barrel;Elkhart-110 Northpointe Blvd  I-80 Exit #92 ,Bus and RV Parking,(574) 264-6963
-87.454306;37.975666;IN Cracker Barrel;Evansville-8215 Eagle Lake Dr  I-164 Exit #7 ,Bus and RV Parking,(812) 479-8788
-86.027235;39.928452;IN Cracker Barrel;Fishers-9700 North By Northeast Blvd  I-69 Exit #3 ,Bus and RV Parking,(317) 842-2766
-85.009648;41.131765;IN Cracker Barrel;Fort Wayne-10427 Maysville Rd  I-469 Exit #25 ,(260) 492-7500
-85.160501;41.13235;IN Cracker Barrel;Fort Wayne-1609 W. Washington Center Rd  I-69 Exit #111B ,(260) 489-1855
-85.546444;40.479537;IN Cracker Barrel;Gas City-4984 S Kaybee Dr  I-69 Exit #59 ,Bus and RV Parking,(765) 998-7790
-85.768204;39.819085;IN Cracker Barrel;Greenfield-2265 Barrett Dr  I-70 Exit #104 ,Bus and RV Parking,(317) 468-0820
-87.462571;41.572297;IN Cracker Barrel;Hammond-7750 Corinne Dr  I-80 I-94 Exit #3 ,Bus and RV Parking,(219) 844-1259
-86.013652;39.801613;IN Cracker Barrel;Indianapolis-2340 Post Rd  I-70 Exit #91 ,Bus and RV Parking,(317) 897-1042
-86.278688;39.824477;IN Cracker Barrel;Indianapolis-3840 Eagle View Dr  I-465 Exit #17 ,(317) 298-8908
-86.093776;39.666369;IN Cracker Barrel;Indianapolis-4350 Southport Rd  I-65 Exit #103 ,(317) 784-7691
-86.227435;39.921374;IN Cracker Barrel;Indianapolis-9340 N Michigan Rd  I-465 Exit #27 ,(317) 337-0029
-86.127019;40.435019;IN Cracker Barrel;Kokomo-404 Kentucky Dr ,Bus and RV Parking,(765) 453-3075
-86.816889;40.4182;IN Cracker Barrel;Lafayette-40 Frontage Rd  I-65 Exit #172 ,Bus and RV Parking,(765) 447-9544
-87.317956;41.505531;IN Cracker Barrel;Merrillville-6200 Opportunity Ln  I-65 Exit #255 ,Bus and RV Parking,(219) 947-2617
-86.369227;39.673541;IN Cracker Barrel;Plainfield-6256 Cambridge Way  I-70 Exit #66 ,Bus and RV Parking,(317) 838-9198
-84.817681;39.833376;IN Cracker Barrel;Richmond-6050 National Rd E  I-70 Exit #156A ,Bus and RV Parking,(765) 935-0881
-85.784004;38.683346;IN Cracker Barrel;Scottsburg-1265 Allen St  I-65 Exit #29 ,Bus and RV Parking,(812) 752-9346
-85.759003;38.394755;IN Cracker Barrel;Sellersburg -350 Triangle Rd  I-65 Exit #9 ,Bus and RV Parking,(812) 246-0740
-85.838027;38.957852;IN Cracker Barrel;Seymour-211 Frontage Rd  I-65 Exit #50B ,Bus and RV Parking,(812) 522-3122
-85.773205;39.551185;IN Cracker Barrel;Shelbyville-1898 N. Morristown Rd  I-74 Exit #113 ,Bus and RV Parking,(317) 398-0385
-87.410853;39.431751;IN Cracker Barrel;Terre Haute-429 Margaret Ave  I-70 Exit #7 ,Bus and RV Parking,(812) 235-6593
-86.350546;39.947164;IN Cracker Barrel;Whitestown-6398 Crane DrI I-65 and SR 334 ,Bus and RV Parking,(317) 769-5205
-96.816447;39.022788;KS Cracker Barrel;Junction City-115 N. East St  I-70 Exit #298 ,Bus and RV Parking,(785) 762-5567
-94.771449;38.909918;KS Cracker Barrel;Olathe-12101 Strangline Rd  I-35 Exit #220 ,Bus and RV Parking,(913) 780-9108
-95.758612;39.040978;KS Cracker Barrel;Topeka-1421 SW Ashworth Pl  I-470 Exit #1B ,Bus and RV Parking,(785) 273-3393
-97.326913;37.794973;KS Cracker Barrel;Wichita-995 E. 61st St North  I-135 Exit #14 ,Bus and RV Parking,(316) 744-8080
-85.419023;37.808207;KY Cracker Barrel;Bardstown-10 Old Filiatreau Ln ,(502) 350-1333
-84.310748;37.566991;KY Cracker Barrel;Berea-101 McKinney Dr  I-75 Exit #76 ,Bus and RV Parking,(859) 986-0512
-86.418891;36.929825;KY Cracker Barrel;Bowling Green-1960 Mel Browning St  I-65 Exit #22 ,Bus and RV Parking,(270) 843-8087
-87.735548;36.87926;KY Cracker Barrel;Cadiz-74 Hospitality Ln  I-24 Exit #65 ,Bus and RV Parking,(270) 522-0600
-88.325577;37.004544;KY Cracker Barrel;Calvert City-314 Kennedy Ave  I-24 Exit #27 ,Bus and RV Parking,(270) 395-0371
-85.972025;37.134405;KY Cracker Barrel;Cave City-800 Happy Valley St  I-65 Exit #53 ,Bus and RV Parking,(270) 773-4723
-84.073732;36.959908;KY Cracker Barrel;Corbin-857 Cumberland Gap Pwky I-75 Exit #29 ,Bus and RV Parking,(606) 523-0522
-84.777414;37.616616;KY Cracker Barrel;Danville-40 Cassady  US 127 and US 150 ,Bus and RV Parking,(859)936-7792
-84.60262;38.685422;KY Cracker Barrel;Dry Ridge-1131 Fashion Ridge Road  I-75 Exit #159 ,Bus and RV Parking,(859) 823-0273
-85.832362;37.710765;KY Cracker Barrel;Elizabethtown-1047 Executive Dr  I-65 Exit #94 ,(270) 765-5525
-84.633261;39.015657;KY Cracker Barrel;Florence-7399 Turfway Road  I-75 Exit #182 ,Bus and RV Parking,(859) 283-0101
-84.812232;38.17123;KY Cracker Barrel;Frankfort-161 Bizzack Blvd I-64 and Hwy 60 ,Bus and RV Parking,(502) 848-4035
-86.557787;36.667601;KY Cracker Barrel;Franklin-155 Steele Road  I-65 Exit #2 ,Bus and RV Parking,(270) 598-8812
-84.540189;38.220475;KY Cracker Barrel;Georgetown-1454 Cherry Blossom Way  I-75 Exit #126 ,Bus and RV Parking,(502) 863-5670
-87.56459;37.861065;KY Cracker Barrel;Henderson-2130 U.S. 60 East ,(270) 826-5482
-85.539165;38.220902;KY Cracker Barrel;Jeffersontown-1401 Kentucky Mills Dr  I-64 Exit #17 ,Bus and RV Parking,(502) 266-8895
-85.374563;38.402016;KY Cracker Barrel;LaGrange-1414 East Crystal Dr  I-71 Exit #22 ,Bus and RV Parking,(502) 222-1156
-84.481848;38.10122;KY Cracker Barrel;Lexington-1927 Stanton Way  I-75 Exit #115 ,Bus and RV Parking,(859) 233-7684
-84.422894;38.04479;KY Cracker Barrel;Lexington-2220 Elkhorn Road  I-75 Exit #110 ,Bus and RV Parking,(859) 293-2555
-84.113883;37.150572;KY Cracker Barrel;London-80 Alamo Dr  I-75 Exit #41 ,Bus and RV Parking,(606) 864-3102
-85.581267;38.144141;KY Cracker Barrel;Louisville(Fern Creek)-10150 Brookridge Village Blvd.  I-265 Exit #17 ,Bus and RV Parking,(502) 231-4663
-85.87493;38.095389;KY Cracker Barrel;Louisville-11000 Dixie Highway I-265 & US HWY 31W,(502) 995-2605
-85.750791;38.205651;KY Cracker Barrel;Louisville-2701 Crittenden Dr  I-65 Exit #132-S/133A ,Bus and RV Parking,(502) 636-2263
-87.472179;37.326813;KY Cracker Barrel;Madisonville-1780 E. Center St ,Bus and RV Parking,(270) 821-5444
-83.703923;36.620115;KY Cracker Barrel;Middlesboro-1049 N 12th St,(606) 248-7011 
-83.476122;38.187099;KY Cracker Barrel;Morehead-1698 Flemingsburg Rd I-64 & HWY 32, (606) 784-2545
-83.952026;38.076204;KY Cracker Barrel;Mt. Sterling-110 Stone Trace Dr  I-64 Exit #110 ,Bus and RV Parking,(859) 499-0200
-88.314855;36.620361;KY Cracker Barrel;Murray-650 North 12th St ,Bus and RV Parking,(270) 762-0081
-84.549322;37.931953;KY Cracker Barrel;Nicholasville-4089 Lexington Rd ,(859) 273-1344
-87.12468;37.71454;KY Cracker Barrel;Owensboro-5311 Frederica St ,Bus and RV Parking,(270) 684-4118
-88.683257;37.077895;KY Cracker Barrel;Paducah-5035 Hinkleville Road  I-24 Exit #4 ,(270) 443-9331
-84.312239;37.769071;KY Cracker Barrel;Richmond-1797 Lexington Road  I-75 Exit #90 ,(859) 623-0037
-85.211163;38.189423;KY Cracker Barrel;Shelbyville-1565 Mt. Eden Road  I-64 Exit #35 ,Bus and RV Parking,(502) 633-9945
-85.696422;38.064763;KY Cracker Barrel;Shepherdsville-275 Brenton Way  I-65 Exit #121 ,Bus and RV Parking,(502) 955-4008
-84.620717;37.065492;KY Cracker Barrel;Somerset-1899 South Highway 27 ,Bus and RV Parking,(606) 451-9944
-92.520167;31.345556;LA Cracker Barrel;Alexandria-6108 West Calhoun Dr  I-49 Exit #90 ,Bus and RV Parking,(318) 767-0500
-91.074867;30.425999;LA Cracker Barrel;Baton Rouge-10250 Plaza Americana Dr  I-12 Exit #2B ,Bus and RV Parking,(225) 926-1328
-90.130462;30.444452;LA Cracker Barrel;Covingtion-8001 Pinnacle Pkwy I-12 and Hwy 21 ,(985) 893-0151
-90.95096;30.213738;LA Cracker Barrel;Gonzales-2313 South Tanger Blvd  I-10 Exit #177 ,Bus and RV Parking,(225) 647-5277
-90.500802;30.50347;LA Cracker Barrel;Hammond-201 Westin Oaks Dr  I-55 Exit #31 ,Bus and RV Parking,(985) 542-1828
-92.035718;30.249201;LA Cracker Barrel;Lafayette-116 Alcide Dominique Dr  I-10 Exit #101 ,Bus and RV Parking,(337) 233-4220
-93.868808;32.449034;LA Cracker Barrel;Shreveport-6251 Westport Ave  I-20 Exit #10 ,Bus and RV Parking,(318) 688-6080
-89.7611;30.255472;LA Cracker Barrel;Slidell-790 I-10 East Service Rd  I-10 Exit #266 ,Bus and RV Parking,(985) 645-9631
-93.326122;30.213602;LA Cracker Barrel;Sulphur-2490 S Cities Service Hwy  I-10 Exit #23 ,Bus and RV Parking,(337) 626-9500
-92.16085;32.507565;LA Cracker Barrel;West Monroe-309 Constitution Dr  I-20 Exit #114 ,Bus and RV Parking,(318) 325-5505
-72.6417;42.1771;MA Cracker Barrel;Holyoke-227 Whiting Farms Rd  I-91 Exit #15 ,Bus and RV Parking,(413) 493-1831
-72.0675;42.1159;MA Cracker Barrel;Sturbridge-215 Charlton Road  I-84 Exit #3A ,Bus and RV Parking,(508) 347-8925
-71.235037;42.642755;MA Cracker Barrel;Tewksbury-1795 Andover St  I-495 Exit #39 ,(978) 858-3717
-71.346689;42.037183;MA Cracker Barrel;Wrentham-1048 South St Suite 40  I-495 Exit #15 ,(508) 384-0477
-76.251824;39.481977;MD Cracker Barrel;Bel Air-1440 Handlir Dr  I-95 Exit #80 ,Bus and RV Parking,(410) 272-4778
-76.5106041;38.3001266;MD Cracker Barrel;California-45315 Abell House Lane SR 235 & Shady Mile Road,(301) 866-1633
-75.804516;39.63736;MD Cracker Barrel;Elkton-300 Belle Hill Road  I-95 Exit #109 ,Bus and RV Parking,(410) 620-4500
-77.407565;39.375802;MD Cracker Barrel;Frederick-7408 Shockley Dr  I-270  Exit #31B ,Bus and RV Parking,(301) 682-4405
-77.730584;39.600968;MD Cracker Barrel;Hagerstown-18214 Col. Henry K. Douglas Dr  I-70 Exit #29 ,Bus and RV Parking,(240) 420-0955
-76.679209;39.209446;MD Cracker Barrel;Linthicum HTS-1520 W Nursery Rd, (410) 859-8724
-76.309469;38.975592;MD Cracker Barrel;Stevensville 115 Blue Jay Court ,Bus and RV Parking,(410) 643-3841
-76.927648;38.608918;MD Cracker Barrel;Waldorf-3742 Crain Hwy at Hwy 301 and Smallwood Dr ,Bus and RV Parking,(301) 464-7650
-70.33773;43.634315;ME Cracker Barrel;Portland-357 Maine Mall Rd I-95 ,(207) 773-7530
-85.201985;42.261046;MI Cracker Barrel;Battle Creek-4765 Beckley Rd  I-94 Exit #97 ,Bus and RV Parking,(269) 979-3900
-83.936605;43.623985;MI Cracker Barrel;Bay City-2854 E. Wilder Rd  I-75 Exit #164 ,Bus and RV Parking,(989) 671-9905
-83.487844;42.221331;MI Cracker Barrel;Belleville-45525 N I-94 Service Rd  I-94 Exit #190 ,Bus and RV Parking,(734) 697-5299
-83.864927;43.350832;MI Cracker Barrel;Bridgeport-6450 Dixie Hwy  I-75 Exit #144 ,Bus and RV Parking,(989) 777-8443
-83.794787;42.55135;MI Cracker Barrel;Brighton-7925 Conference Center Dr  I-96 Exit #145 ,Bus and RV Parking,(810) 220-4977
-83.765023;43.064224;MI Cracker Barrel;Flint-4140 Pier North Blvd  I-75 Exit #122 ,Bus and RV Parking,(810) 230-0019
-85.781064;42.886452;MI Cracker Barrel;Grandville-4340 Kenowa Ave  I-196 Exit #67 ,Bus and RV Parking,(616) 457-7219
-84.452888;42.268172;MI Cracker Barrel;Jackson-2494 Airport Rd  I-94 Exit #137 ,Bus and RV Parking,(517) 783-5300
-85.677316;42.234933;MI Cracker Barrel;Kalamazoo-5581 South 9th St  I-94 Exit #72 ,Bus and RV Parking,(269) 372-9698
-84.673407;42.739791;MI Cracker Barrel;Lansing-608 Commercial Dr  I-96 Exit #93 ,Bus and RV Parking,(517) 627-7755
-83.364014;41.923446;MI Cracker Barrel;Monroe-1101 Ternes Dr  I-75 Exit #15 ,Bus and RV Parking,(734) 243-0721
-84.433894;42.681305;MI Cracker Barrel;Okemos-2285 Woodlake Dr  I-96 Exit #110 ,(517) 381-1511
-82.453801;42.992723;MI Cracker Barrel;Port Huron-2303 Water St  I-94 Exit #274 ,Bus and RV Parking,(810) 982-1166
-82.908836;42.522326;MI Cracker Barrel;Roseville-30750 Little Mack Rd  I-94 Exit #232 ,Bus and RV Parking,(586) 293-5066
-86.515747;42.032362;MI Cracker Barrel;Stevensville-2525 W Marquette Woods Rd  I-94 Exit #23 ,Bus and RV Parking,(269) 428-0550
-85.6478;44.7186;MI Cracker Barrel;Traverse City-3620 N Country Dr ,Bus and RV Parking,(231) 933-9244
-93.287528;44.70021;MN Cracker Barrel;Lakeville-17189 Kenyon Ave  I-35 Exit #85 ,Bus and RV Parking,(952) 898-5151
-92.771412;36.785562;MO Cracker Barrel;Branson-3765 W SR 76 ,Bus and RV Parking,(417) 335-3003
-89.574012;37.301206;MO Cracker Barrel;Cape Girardeau-3261 Williams St  I-55 Exit #96 ,Bus and RV Parking,(573) 651-4000
-92.285832;38.963861;MO Cracker Barrel;Columbia-3304 Clark Ln  I-70 Exit #128A ,Bus and RV Parking,(573) 474-9977
-90.465894;38.54212;MO Cracker Barrel;Fenton-1050 South Hwy Dr  I-44 Exit #274 ,Bus and RV Parking,(636) 349-3335
-90.265585;38.768459;MO Cracker Barrel;Ferguson-10915 New Halls Ferry Rd  I-270 Exit #30 ,Bus and RV Parking,(314) 868-7080
-90.397879;38.255238;MO Cracker Barrel;Herculaneum-1193 Scenic Dr  I-55 Exit #178 ,Bus and RV Parking,(636) 479-7050
-94.387463;39.045449;MO Cracker Barrel;Independence-4110 S. Lee's Summit Rd  I-70 Exit #14 ,Bus and RV Parking,(816) 373-3341
-94.480482;37.042749;MO Cracker Barrel;Joplin-4010 Richard Jeseph Blvd  I-44 Exit #8A ,Bus and RV Parking,(417) 782-9696
-94.672097;39.272805;MO Cracker Barrel;Kansas City-7920 NW Tiffany Springs Pkwy  I-29 Exit #10 ,Bus and RV Parking,(816) 880-9171
-94.459947;39.241526;MO Cracker Barrel;Kansas City-8225 North Church Rd  I-35 Exit #16 ,Bus and RV Parking,(816) 781-1444
-90.700173;38.715673;MO Cracker Barrel;O'Fallon-120 Progress Point Ct  I-64 Exit #9 ,Bus and RV Parking,(636) 329-9401
-93.25926;37.249039;MO Cracker Barrel;Springfield-2858 N Glenstone Ave  I-44 Exit #80A ,Bus and RV Parking,(417) 831-4600
-90.564863;38.792196;MO Cracker Barrel;St. Charles-901 Veterans Memorial Pky  I-70 Exit #229 ,Bus and RV Parking,(636) 947-6566
-94.794685;39.773953;MO Cracker Barrel;St. Joseph-915 N. Woodbine Rd  I-29 Exit #47 ,Bus and RV Parking,(816) 279-5191
-90.372288;38.46279;MO Cracker Barrel;St. Louis-6233 Heimos Industrial Park Dr  I-55 Exit #193 ,Bus and RV Parking,(314) 416-8880
-92.144834;37.826446;MO Cracker Barrel;St. Robert-128 St. Roberts Blvd  I-44 Exit #161 ,Bus and RV Parking,(573) 336-7273
-91.16979;38.211122;MO Cracker Barrel;Sullivan-701 W. Springfield Rd  I-44 Exit #225 ,Bus and RV Parking,(573) 468-5595
-89.924038;34.310345;MS Cracker Barrel;Batesville-225 Lakewood Dr  I-55 Exit #243 ,Bus and RV Parking,(662) 563-6363
-90.473067;31.578243;MS Cracker Barrel;Brookhaven-1207 Hampton Dr  I-55 Exit #40 ,Bus and RV Parking,(601) 823-6800
-89.093542;30.436968;MS Cracker Barrel;Gulfport-15255 Crossroads Pkwy  I-10 Exit #34 ,(228) 831-1622
-89.34788;31.353619;MS Cracker Barrel;Hattiesburg-6659 US 49  I-59 Exit #67A ,Bus and RV Parking,(601) 296-7950
-90.001795;34.964425;MS Cracker Barrel;Horn Lake-706 Desoto Cove  I-55 Exit #289 ,Bus and RV Parking,(662) 349-4203
-90.14492;32.386218;MS Cracker Barrel;Jackson-6020 I-55 N  I-55 Exit #102B ,Bus and RV Parking,(601) 977-1055
-88.689592;32.369084;MS Cracker Barrel;Meridian-609 Highway 11 E  I-20 Exit #154 ,Bus and RV Parking,(601) 482-3003
-88.528484;30.439828;MS Cracker Barrel;Moss Point-6805 SR 63 N  I-10 Exit #69 ,Bus and RV Parking,(228) 475-8856
-90.137597;32.267081;MS Cracker Barrel;Pearl-410 Riverwind Dr  I-20 Exit #48 ,Bus and RV Parking,(601) 936-9990
-88.696704;34.316116;MS Cracker Barrel;Saltillo-1270 Cross Creek Dr  US Hwy 45 ,Bus and RV Parking,(662) 620-0820
-90.84224;32.341468;MS Cracker Barrel;Vicksburg-4001 S. Frontage Rd  I-20 Exit #4A-E 5B-W ,Bus and RV Parking,(601) 636-2115
-108.559064;45.747029;MT Cracker Barrel;Billings-5620 South Frontage Rd  I-90 Exit #446 ,Bus and RV Parking,(406) 254-9403
-114.035025;46.916011;MT Cracker Barrel;Missoula-2929 Expo Pkwy  I-90 Exit #101 ,Bus and RV Parking,(406) 721-9820
-82.534731;35.59688;NC Cracker Barrel;Asheville-34 Tunnel Rd  I-240 Exit #6 ,(828) 350-7531
-82.63582;35.561791;NC Cracker Barrel;Asheville-5 Crowell Rd  I-40 Exit #44 ,Bus and RV Parking,(828) 665-2221
-81.660776;36.20072;NC Cracker Barrel;Boone-1601 Blowing Rock Rd,Bus and RV Parking,(828) 264-4425
-79.495321;36.06896;NC Cracker Barrel;Burlington-850 Huffman Mill Rd  I-85 I-40 Exit #141 ,Bus and RV Parking,(336) 584-3833
-80.917937;35.240467;NC Cracker Barrel;Charlotte-3203 Queen City Dr  I-85 Exit #33 ,(704) 393-2670
-80.386182;36.032539;NC Cracker Barrel;Clemmons-6420 Sessions Ct  I-40 Exit #184 ,Bus and RV Parking,(336) 712-9880
-80.587367;35.462646;NC Cracker Barrel;Concord-1175 Copperfield Blvd NE  I-85 Exit #60 ,Bus and RV Parking,(704) 792-0277
-80.712404;35.366379;NC Cracker Barrel;Concord-7809 Lyles Ln NW  I-85 Exit #49 ,Bus and RV Parking,(704) 979-0404
-78.598394;35.296657;NC Cracker Barrel;Dunn-1102 E Cumberland St  I-95 Exit #73 ,Bus and RV Parking,(910) 892-7814
-78.955312;36.024646;NC Cracker Barrel;Durham-3703 Hillsborough Rd  I-85 Exit #173 ,Bus and RV Parking,(919) 309-2888
-78.954354;35.083692;NC Cracker Barrel;Fayetteville-1470 Skibo Rd, (910) 764-0225
-78.822025;35.008875;NC Cracker Barrel;Fayetteville-1625 Jim Johnson Rd  I-95 Exit #49 ,Bus and RV Parking,(910) 323-2025
-82.40998;35.296494;NC Cracker Barrel;Flat Rock-105 Commercial Blvd  I-26 Exit #53 ,Bus and RV Parking,(828) 692-5560
-82.537702;35.445178;NC Cracker Barrel;Fletcher(Arden)-344 Rockwood Rd  I-26 Exit #40 ,(828) 684-2740
-78.561567;35.60795;NC Cracker Barrel;Garner-5199 SR 42 W  I-40 Exit #312 ,Bus and RV Parking,(919) 661-4044
-81.147574;35.269094;NC Cracker Barrel;Gastonia-1821 Remount Rd  I-85 Exit #20 ,(704) 866-7069
-81.150075;35.270731;NC Cracker Barrel;Greensboro-3701 Elmsley Ct  I-85 Exit #124 ,Bus and RV Parking,(336) 274-1853
-79.896339;36.057325;NC Cracker Barrel;Greensboro-4402 Landview Dr  I-40 Exit #214 ,Bus and RV Parking,(336) 294-0911
-77.400506;35.572082;NC Cracker Barrel;Greenville-710 SW Greenville Blvd ,Bus and RV Parking,(252) 355-1662
-78.452131;36.321006;NC Cracker Barrel;Henderson-1002 Ruin Creek Rd  I-85 Exit #212 ,Bus and RV Parking,(252) 431-9111
-81.317496;35.713085;NC Cracker Barrel;Hickory-1250 11th St Ct SE  I-40 Exit #125 ,Bus and RV Parking,(828) 261-0508
-77.399223;34.785097;NC Cracker Barrel;Jacksonville-1260 Western Blvd ,(910) 989-2625
-80.809172;36.238799;NC Cracker Barrel;Jonesville-1717 SR 67  I-77 Exit #82 ,Bus and RV Parking,(336) 835-6011
-80.258619;35.782732;NC Cracker Barrel;Lexington-12 Plaza Pkwy  I-85 Exit #91 ,Bus and RV Parking,(336) 242-1212
-79.018329;34.639496;NC Cracker Barrel;Lumberton-3375 Lackey St  I-95 Exit #20 ,Bus and RV Parking,(910) 738-1481
-80.717299;35.138966;NC Cracker Barrel;Matthews- 9330 E Independence Blvd ,(704) 321-2261
-79.296688;36.067478;NC Cracker Barrel;Mebane-135 Spring Forrest Dr  I-40 I-85 Exit #153 ,Bus and RV Parking,(919) 304-9932
-80.861656;35.595044;NC Cracker Barrel;Mooresville-123 Regency Center Dr  I-77 Exit #36 ,Bus and RV Parking,(704) 660-6314
-78.823074;35.858457;NC Cracker Barrel;Morrisville-955 Airport Blvd  I-40 Exit #284 ,Bus and RV Parking,(919) 463-9222
-77.631759;36.431125;NC Cracker Barrel;Roanoke Rapids-1918 Julian R. Allsbrook Hwy  I-95 Exit #173 ,Bus and RV Parking,(252) 535-1747
-77.843697;35.976153;NC Cracker Barrel;Rocky Mount-238 Enterprise Dr  I-95 Exit #138 ,(252) 443-0679
-80.464175;35.663275;NC Cracker Barrel;Salisbury-1070 Freeland Dr  I-85 Exit #76 ,Bus and RV Parking,(704) 878-0366
-79.132051;35.448472;NC Cracker Barrel;Sanford-3212 NC-87 S ,Bus and RV Parking,(919) 718-0033
-78.31225;35.509471;NC Cracker Barrel;Smithfield-1109 Industrial Park Dr  I-95 Exit #95 ,Bus and RV Parking,(919) 989-2140
-79.418885;35.15998;NC Cracker Barrel;Southern Pines-10975 US Hwy 15-501 ,(910) 246-2024
-80.872561;35.80844;NC Cracker Barrel;Statesville-1043 Glenway Dr  I-40 Exit #151 ,Bus and RV Parking,(704) 878-0366
-77.87275;34.244167;NC Cracker Barrel;Wilmington-21 Van Campen Blvd ,Bus and RV Parking,(910) 794-1162
-78.007224;35.764784;NC Cracker Barrel;Wilson-5006 Hayes Place W  I-95 Exit #121 ,Bus and RV Parking,(252) 234-7600
-100.818465;46.828754;ND Cracker Barrel;Bismarck-1685 N. Grandview Ln  I-94 Exit #157 ,Bus and RV Parking,(701) 223-2785
-96.68101;40.879298;NE Cracker Barrel;Lincoln-6700 North 27th St  I-80 Exit #403 ,Bus and RV Parking,(402) 476-4901
-96.136465;41.164795;NE Cracker Barrel;West Omaha-9409 S. 142nd St  I-80 Exit #440 ,Bus and RV Parking,(402) 891-8665
-71.340359;42.870306;NH Cracker Barrel;Londonderry-16 Nashua Road  I-93 Exit #4 ,Bus and RV Parking,(603) 434-8804
-74.91899;40.629718;NJ Cracker Barrel;Clinton-6 Frontage Dr  I-78 Exit #15 ,Bus and RV Parking,(908) 713-9205
-74.637916;40.197937;NJ Cracker Barrel;Hamilton Township-825 Marketplace Blvd  I-195  Exit #5A ,(609) 581-5462
-74.633814;40.900085;NJ Cracker Barrel;Mt. Arlington-172 Howard Blvd  I-80 Exit #30 ,Bus and RV Parking,(973) 398-8404
-74.814652;40.028793;NJ Cracker Barrel;Mt. Holly-110 Hancock Ln ,Bus and RV Parking,(609) 265-9133
-74.9477;39.9195;NJ Cracker Barrel;Mt. Laurel-1240 Route 73 ,Bus and RV Parking,(856) 778-8900
-75.495106;39.67702;NJ Cracker Barrel;Pennsville-427 North Broadway  I-295 Exit #1 ,Bus and RV Parking,(856) 299-1771
-106.58616;35.15908;NM Cracker Barrel;Albuquerque-5200 San Antonio Dr  I-25 Exit #231 ,Bus and RV Parking,(505) 821-8777
-106.702745;35.11826;NM Cracker Barrel;Albuquerque-5700 Redlands Road N.W.  I-40 Exit #155 ,(505) 352-5430
-108.751256;35.529154;NM Cracker Barrel;Gallup-1480 West Maloney  I-40 Exit #20 ,Bus and RV Parking,(505) 726-2992
-106.788214;32.289817;NM Cracker Barrel;Las Cruces-1490 Hickory Dr  I-10 Exit #140 ,Bus and RV Parking,(505) 647-0067
-75.904916;42.131525;NY Cracker Barrel;Binghamton-876 Front St  I-81 Exit #5 ,Bus and RV Parking,(607) 722-5006
-76.115406;43.178956;NY Cracker Barrel;Cicero-8400 Pardee Rd  I-81 Exit #30 ,Bus and RV Parking,(315) 698-4311
-73.769704;42.861677;NY Cracker Barrel;Clifton Park-4 Tower Way  I-87 Exit #9 ,Bus and RV Parking,(518) 373-8156
-73.700237;42.625051;NY Cracker Barrel;East Greenbush-122 Troy Rd  I-90 Exit #9 ,Bus and RV Parking,(518) 479-3646
-73.892439;41.529411;NY Cracker Barrel;Fishkill-4 Merritt Blvd  I-84 Exit #13 ,Bus and RV Parking,(845) 896-4194
-77.625816;43.072971;NY Cracker Barrel;Henrietta-2075 Hylan Dr  I-390 Exit #13 ,Bus and RV Parking,(585) 321-3230
-76.8632;42.158198;NY Cracker Barrel;Horseheads-1740 County Route ,64 (607) 796-5950
-75.94246;43.98747;NY Cracker Barrel;Watertown-1289 Coffeen St  I-81 Exit #46 ,Bus and RV Parking,(315) 782-2460
-78.696012;42.95082;NY Cracker Barrel;Williamsville-6643 Transit Rd  I-90 Exit #49 ,Bus and RV Parking,(716) 635-9542
-80.77296;41.122921;OH Cracker Barrel;Austintown-5600 Interstate Blvd  I-80 Exit #223 ,Bus and RV Parking,(330) 652-7227
-81.758959;41.420602;OH Cracker Barrel;Brooklyn-5100 Tiedeman Rd  I-480 Exit #13 ,Bus and RV Parking,(216) 898-1822
-81.5754;40.00124;OH Cracker Barrel;Cambridge-2329 Southgate Pkwy  I-70 Exit #178 ,Bus and RV Parking,(740) 439-4599
-84.108815;39.659516;OH Cracker Barrel;Centerville-5770 Wilmington Pike  I-675 Exit #7 ,Bus and RV Parking,(937) 432-2431
-84.312901;39.294429;OH Cracker Barrel;Cincinnati-4902 Fields Ertel Rd  I-71 Exit #19 ,Bus and RV Parking,(513) 683-5446
-83.14589;39.9792;OH Cracker Barrel;Columbus-1313 Hilliard-Rome Rd  I-70 Exit #91 ,Bus and RV Parking,(614) 878-2027
-81.649241;41.133391;OH Cracker Barrel;Copley-76 Rothrock Loop  I-77 Exit #137 ,Bus and RV Parking,(330) 666-0279
-84.192524;39.851211;OH Cracker Barrel;Dayton-7171 Miller Ln  I-75 Exit #59 ,Bus and RV Parking,(937) 890-0047
-83.669929;41.059261;OH Cracker Barrel;Findlay-1031 Interstate Ct  I-75 Exit #159 ,Bus and RV Parking,(419) 425-2008
-84.525525;39.2968;OH Cracker Barrel;Forest Park-11993 Chase Plaza  I-275 Exit #39 ,Bus and RV Parking,(513) 648-9655
-83.053368;39.876579;OH Cracker Barrel;Grove City-4210 Marlane Dr  I-71 Exit #100 ,Bus and RV Parking,(614) 871-1444
-84.795619;39.259677;OH Cracker Barrel;Harrison-615 Ring Rd  I-74 Exit #1 ,Bus and RV Parking,(513) 202-1400
-84.074191;40.726985;OH Cracker Barrel;Lima-1930 Roschmann Dr  I-75 Exit #125 ,Bus and RV Parking,(419) 222-0055
-82.51094;40.693714;OH Cracker Barrel;Mansfield-100 Stander Ave  I-71 Exit #169 ,Bus and RV Parking,(419) 774-9800
-83.680735;41.579158;OH Cracker Barrel;Maumee-1395 Ford St  I-475 Exit #6 ,(419) 482-6096
-84.329295;39.492003;OH Cracker Barrel;Middletown-3280 Towne Blvd  I-75 Exit #32 ,Bus and RV Parking,(513) 727-4727
-84.269423;39.162;OH Cracker Barrel;Milford-475 River's Edge Dr  I-275 Exit #59 ,Bus and RV Parking,(513) 831-6635
-81.433145;40.881718;OH Cracker Barrel;North Canton-6940 Sunset Strip Ave. NW  I-77 Exit #111 ,Bus and RV Parking,(330) 966-1144
-83.598682;41.551673;OH Cracker Barrel;Perrysburg-27491 Helen Dr  I-75 Exit #193 ,Bus and RV Parking,(419) 874-7481
-82.790293;39.931777;OH Cracker Barrel;Pickerington-1860 Winderly Ln  I-70 Exit #112 ,Bus and RV Parking,(614) 759-7799
-84.224811;40.151479;OH Cracker Barrel;Piqua-980 E. Ash St  I-75 Exit #82 ,Bus and RV Parking,(937) 773-6605
-81.243092;41.107756;OH Cracker Barrel;Rootstown-4367 State Route 44  I-76 Exit #38 ,Bus and RV Parking,(330) 325-9970
-82.671767;41.41749;OH Cracker Barrel;Sandusky-4216 Milan Rd ,Bus and RV Parking,(419) 626-6125
-84.43774;39.26839;OH Cracker Barrel;Sharonville-2255 Sharon Rd  I-75 Exit #15 ,Bus and RV Parking,(513) 771-3207
-82.080389;41.425737;OH Cracker Barrel;Sheffield-5205 Detroit Rd  I-90 Exit #148 ,Bus and RV Parking,(440) 934-7777
-83.81367;39.89385;OH Cracker Barrel;Springfield-105 Leffel Ln  I-70 Exit #54 ,Bus and RV Parking,(937) 325-8221
-80.86345;40.06947;OH Cracker Barrel;St. Clairsville-67781 Mall Rd  I-70 Exit #218 ,Bus and RV Parking,(740) 699-2662
-82.93509;40.26632;OH Cracker Barrel;Sunbury-60 Fourwinds Dr  I-71 Exit #131 ,Bus and RV Parking,(740) 362-2270
-81.45397;41.312229;OH Cracker Barrel;Twinsburg-2371 E Aurora Rd  I-480 Exit #36 ,Bus and RV Parking,(330) 405-0727
-81.439647;41.60479;OH Cracker Barrel;Willoughby-6055 SOM Center Rd  I-90 Exit #189 ,(440) 516-1775
-81.999576;39.943548;OH Cracker Barrel;Zanesville-225 Scenic Crest Dr  I-70 Exit #155 ,Bus and RV Parking,(740) 450-8985
-97.434029;35.595509;OK Cracker Barrel;Edmond-4901 NE 122nd St  I-35 Exit #137 ,Bus and RV Parking,(405) 478-7119
-98.381077;34.608118;OK Cracker Barrel;Lawton-601 E. Gore Blvd  I-44 Exit #37 ,Bus and RV Parking,(580) 248-1477
-97.486373;35.228457;OK Cracker Barrel;Norman-800 North Interstate Dr  I-35 Exit #110 ,Bus and RV Parking,(405) 360-3117
-97.596104;35.457901;OK Cracker Barrel;Oklahoma City-700 Cornell Pkwy  I-40 Exit #145 ,Bus and RV Parking,(405) 948-1151
-95.83746;36.29012;OK Cracker Barrel;Owasso-9475 N. Owasso Expressway ,Bus and RV Parking,(918) 272-3445
-96.925228;35.383119;OK Cracker Barrel;Shawnee-27 Interstate Pkwy  I-40 Exit #185 ,Bus and RV Parking,(405) 214-7718
-96.004211;36.059881;OK Cracker Barrel;Tulsa-7128 S Olympia Ave  
-95.88869;36.11836;OK Cracker Barrel;Tulsa-8008 E. 31st St  I-44 Exit #231 ,Bus and RV Parking,(918) 610-0414
-78.409579;40.467246;PA Cracker Barrel;Altoona-100 Charlotte Dr  I-99 Exit #31 ,Bus and RV Parking,(814) 944-0691
-76.490936;41.01747;PA Cracker Barrel;Bloomsburg-228 Columbia Mall Blvd  I-80 Exit #232 ,Bus and RV Parking,(570) 389-9800
-77.19038;40.186945;PA Cracker Barrel;Carlisle-3 E. Garland Dr  I-81 Exit #47 ,Bus and RV Parking,(717) 241-2161
-77.64781;39.90726;PA Cracker Barrel;Chambersburg-1162 Wayne Road  I-81 Exit #14 ,Bus and RV Parking,(717) 264-3311
-75.670416;40.020845;PA Cracker Barrel;Downingtown-1215 East Lancaster Ave ,Bus and RV Parking,(610) 873-9059
-80.085316;42.049141;PA Cracker Barrel;Erie-7810 Interstate Dr  I-90 Exit #24 ,Bus and RV Parking,(814) 868-2500
-75.626984;40.582416;PA Cracker Barrel;Fogelsville-7720 Main St Suite 19  I-78 Exit #49B ,Bus and RV Parking,(610) 481-0055
-76.22226;40.77107;PA Cracker Barrel;Frackville-956 Schuylkill Mall Rd.  I-81 Exit #124 ,Bus and RV Parking,(570) 874-7051
-75.99661;40.559157;PA Cracker Barrel;Hamburg-21 Industrial Dr  I-78  Exit #29B ,Bus and RV Parking,(610) 562-3622
-76.845961;40.302807;PA Cracker Barrel;Harrisburg-2525 Brindle Dr  I-81 Exit #69 ,Bus and RV Parking,(717) 541-8330
-76.201867;40.0236;PA Cracker Barrel;Lancaster-35 South Willowdale Dr  US 30 ,Bus and RV Parking,(717) 290-8100
-80.174382;41.622196;PA Cracker Barrel;Meadville-11311 Pennsylvania Ave  I-79  Exit #147A ,Bus and RV Parking,(814) 337-0700
-76.978202;40.194422;PA Cracker Barrel;Mechanicsburg-395 Cumberland Pky  I-76 Exit #236 ,Bus and RV Parking,(717) 766-5113
-76.832735;41.242768;PA Cracker Barrel;Muncy-260 S Lycoming Mall Rd ,570-546-2233
-76.666208;39.772969;PA Cracker Barrel;New Freedom-13600 Wolfe Road  I-83 Exit #4 ,Bus and RV Parking,(717) 235-4040
-79.61231;40.215867;PA Cracker Barrel;New Stanton-154 W Pennsylvania Ave  I-70 Exit #57 ,Bus and RV Parking,(724) 925-7144
-80.17289;40.44964;PA Cracker Barrel;Pittsburgh-200 Davis Blvd. ,Bus and RV Parking,(412) 788-1103
-75.29579;40.10077;PA Cracker Barrel;Plymouth Meeting-2095 Gallagher Road  I-476 Exit #333 ,Bus and RV Parking,(610) 828-2221
-77.90061;40.815659;PA Cracker Barrel;State College-215 Colonnade Blvd I-99 Exit #71 ,(814) 238-3414
-74.963397;40.136809;PA Cracker Barrel;Trevose-3611 Horizon Blvd  I-276 Exit #351 ,Bus and RV Parking,(215) 322-0809
-80.225344;40.18507;PA Cracker Barrel;Washington-1008 Trinity Circle  I-70 Exit #19B ,Bus and RV Parking,(724) 222-7050
-75.85756;41.23686;PA Cracker Barrel;Wilkes-Barre-2320 Highland Park Blvd  I-81 Exit #168 ,(570) 822-7913
-76.684928;39.934098;PA Cracker Barrel;York-236 Pauline Dr  I-83 Exit #16A ,Bus and RV Parking,(717) 741-0938
-71.546638;41.661226;RI Cracker Barrel;Coventry-825 Centre for New England Blvd  I-95 Exit #7 ,Bus and RV Parking,(401) 827-8015
-81.713677;33.512404;SC Cracker Barrel;Aiken-2364 Whiskey Rd ,(803) 648-0007
-82.70847;34.57527;SC Cracker Barrel;Anderson-126 Interstate Blvd  I-85 Exit #19B ,Bus and RV Parking,(864) 225-4566
-81.123337;34.031902;SC Cracker Barrel;Columbia-2208 Bush River Rd  I-20 Exit #63 ,(803) 731-0672
-80.956905;34.100816;SC Cracker Barrel;Columbia-2300 Legrand Rd  I-77 Exit #19 ,(803) 699-5389
-80.878528;34.129257;SC Cracker Barrel;Columbia-253 Forum Dr ,Bus and RV Parking,(803) 788-2052
-82.1037516;34.9105952;SC Cracker Barrel;Duncan-1525 East Main Street I-85 Exit# 63 ,Bus and RV Parking,(864) 486-3699
-79.79703;34.226883;SC Cracker Barrel;Florence-1824 W Lucas St  I-95 Exit #164 ,Bus and RV Parking,(843) 662-9023
-80.937073;35.095423;SC Cracker Barrel;Fort Mill-295 Carowinds Blvd  I-77 Exit #90 ,Bus and RV Parking,(803) 802-7477
-81.709223;35.082144;SC Cracker Barrel;Gaffney-8 Factory Shops Blvd  I-85 Exit #90 ,Bus and RV Parking,(864) 489-3350
-82.301829;34.828021;SC Cracker Barrel;Greenville-1134 Woodruff Rd  I-85 Exit #51 ,Bus and RV Parking,(864) 286-6051
-82.19047;34.20518;SC Cracker Barrel;Greenwood-101 Commons Dr ,Bus and RV Parking,(864) 229-9026
-80.944605;32.299322;SC Cracker Barrel;Hardeeville-157 Okatie Center Blvd North, (843) 706-9545
-81.162497;34.092002;SC Cracker Barrel;Irmo-1140 Kinley Rd  I-26 Exit #102 ,Bus and RV Parking,(803) 732-2835
-79.817343;32.840756;SC Cracker Barrel;Mt Pleasant-2183 N Highway 17 US Hwy 12 & Six Mile Rd,(843) 884-5220
-79.027464;33.575691;SC Cracker Barrel;Murrells Inlet-1303 Tadlock Dr ,Bus and RV Parking,(843) 357-4372
-78.922073;33.705507;SC Cracker Barrel;Myrtle Beach-1208 North Retail Ct ,(843) 916-8241
-80.048254;32.933839;SC Cracker Barrel;North Charleston-7351 Mazyck Rd  I-26 Exit #209 ,Bus and RV Parking,(843) 553-4232
-78.739475;33.798324;SC Cracker Barrel;North Myrtle Beach-4835 Hwy 17 S ,Bus and RV Parking,(843) 361-2221
-80.823264;33.555588;SC Cracker Barrel;Orangeburg-699 Citadel Rd  I-26 Exit #145 ,Bus and RV Parking,(803) 536-4773
-82.468265;34.77852;SC Cracker Barrel;Piedmont-591 Highway 153  I-85 Exit #40 ,Bus and RV Parking,(864) 220-9232
-80.969004;34.938953;SC Cracker Barrel;Rock Hill-2140 Manna Ct  I-77 Exit #79 ,Bus and RV Parking,(803) 327-6141
-80.473781;33.485773;SC Cracker Barrel;Santee-250 Britain St  I-95 Exit #98 ,Bus and RV Parking,(803) 854-3020
-82.24725;34.71099;SC Cracker Barrel;Simpsonville-3954 Grandview Dr  I-385 Exit #27 ,Bus and RV Parking,(864) 967-4881
-82.000888;34.966983;SC Cracker Barrel;Spartanburg-9021 Fairforest Rd  I-85 Exit #2C ,(864) 576-6949
-80.152967;33.037925;SC Cracker Barrel;Summerville-1370N.Main St ,(843) 871-3019
-80.71949;32.87856;SC Cracker Barrel;Walterboro-59 Cane Branch Rd  I-95 Exit #53 ,Bus and RV Parking,(843) 538-7800
-96.775866;43.524838;SD Cracker Barrel;Sioux Falls-2409 S. Shirley Ave.  I-29 Exit #78 ,Bus and RV Parking,(605) 362-9395
-83.987172;35.771843;TN Cracker Barrel;Alcoa-771 Louisville Rd ,Bus and RV Parking,(865) 982-1277
-84.650602;35.468255;TN Cracker Barrel;Athens-110 Burkett L Witt Blvd  I-75 Exit #49 ,Bus and RV Parking,(423) 746-8839
-86.81645;35.96059;TN Cracker Barrel;Brentwood-1735 Mallory Ln ,(615) 376-8120
-85.15537;35.044894;TN Cracker Barrel;Chattanooga-2346 Shallowford Village Rd  I-75 Exit #5 ,Bus and RV Parking,(423) 892-0977
-85.3836281;35.016728;TN Cracker Barrel;Chattanooga-50 Birmingham Hwy  I-24 Exit #174 ,Bus and RV Parking,(423) 825-5885
-87.28084;36.60266;TN Cracker Barrel;Clarksville-200 Cracker Barrel Dr  I-24 Exit #4 ,(931) 645-1446
-84.883492;35.192038;TN Cracker Barrel;Cleveland-1650 Clingan Ridge Dr NW  I-75 Exit #25 ,Bus and RV Parking,(423) 728-4045
-86.900765;35.642767;TN Cracker Barrel;Columbia-1534 Bear Creek Pike  I-65 Exit #46 ,Bus and RV Parking,(931) 490-2250
-85.503756;36.136665;TN Cracker Barrel;Cookeville-1295 Bunker Hill Rd  I-40 Exit #287 ,Bus and RV Parking,(931) 372-2002
-85.04496;35.99833;TN Cracker Barrel;Crossville-23 Executive Dr  I-40 Exit #317 ,Bus and RV Parking,(931) 456-9622
-87.337497;36.021437;TN Cracker Barrel;Dickson-115 Gum Branch Rd  I-40 Exit #172 ,Bus and RV Parking,(615) 441-3353
-89.396539;36.0674175;TN Cracker Barrel;Dyersburg-3055 Lake Rd I-65 and 155 Exit #13,(731) 288-4848
-85.208486;34.990478;TN Cracker Barrel;East Ridge-1460 N Mack Smith Rd  I-75 Exit #1 ,Bus and RV Parking,(423) 899-5729
-84.174835;35.896544;TN Cracker Barrel;Farragut-716 Campbell Station Rd  I-75 I-40 Exit #373 ,Bus and RV Parking,(865) 675-1446
-86.822745;35.912061;TN Cracker Barrel;Franklin-4210 Franklin Commons Ct  I-65 Exit #65 ,Bus and RV Parking,(615) 794-8195
-86.471379;36.378159;TN Cracker Barrel;Gallatin-1005 Village Green Crossing ,Bus and RV Parking,(615) 451-2420
-86.702774;36.324137;TN Cracker Barrel;Goodlettsville-235 Long Hollow Pike  I-65 Exit #97 ,(615) 859-4383
-84.585804;35.910079;TN Cracker Barrel;Harriman-1839 S Roane St  I-40 Exit #347 ,Bus and RV Parking,(865) 882-1442
-86.597267;36.29575;TN Cracker Barrel;Hendersonville-213 Indian Lake Blvd ,(615) 822-8113
-88.83496;35.670872;TN Cracker Barrel;Jackson-188 Vann Dr  I-40 Exit #82B ,Bus and RV Parking,(731) 664-1028
-82.427669;36.374419;TN Cracker Barrel;Johnson City-2692 Boones Creek Rd  I-26 Exit #38 ,Bus and RV Parking,(423) 282-8113
-85.684194;35.039268;TN Cracker Barrel;Kimball-550 Kimball Crossing Dr  I-24 Exit #152 ,Bus and RV Parking,(423) 837-5618
-82.432425;36.505169;TN Cracker Barrel;Kingsport-10132 Airport Pkwy  I-81 Exit #63 ,Bus and RV Parking,(423) 323-9212
-83.778443;36.001739;TN Cracker Barrel;Knoxville-1510 Cracker Barrel Ln  I-40 Exit #398 ,Bus and RV Parking,(865) 522-8232
-83.872183;36.032329;TN Cracker Barrel;Knoxville-2920 Mall Road S  I-640 Exit #8 ,(865) 971-4421
-83.968776;36.009202;TN Cracker Barrel;Knoxville-5001 Central Avenue Pike  I-75 Exit #108 ,Bus and RV Parking,(865) 688-7396
-84.092789;35.918701;TN Cracker Barrel;Knoxville-9214 Park West Blvd  I-40 I-75 Exit #378 ,(865) 690-6060
-83.606801;35.987366;TN Cracker Barrel;Kodak-154 Stadium Dr  I-40 Exit #407 ,Bus and RV Parking,(865) 932-1840
-84.159005;36.231325;TN Cracker Barrel;Lake City-111 Colonial Ln  I-75 Exit #129 ,Bus and RV Parking,(865) 426-6429
-89.740561;35.222161;TN Cracker Barrel;Lakeland-9649 E Davis Plantation Rd  I-40 Exit #20 ,Bus and RV Parking,(901) 385-0976
-86.295065;36.19127;TN Cracker Barrel;Lebanon-635 S Cumberland  I-40 Exit #238 ,Bus and RV Parking,(615) 444-4995
-84.271275;35.823521;TN Cracker Barrel;Lenoir City-325 Ft. Loudoun Medical Center Dr  I-75 Exit #81 ,Bus and RV Parking,(856) 988-3201
-86.088014;35.501688;TN Cracker Barrel;Manchester-103 Paradise St  I-24 Exit #110 ,Bus and RV Parking,(931) 723-1358
-89.861065;35.167251;TN Cracker Barrel;Memphis-6081 Shelby Oaks Dr  I-40 Exit #12 ,Bus and RV Parking,(901) 382-5465
-89.796914;35.036144;TN Cracker Barrel;Memphis-8000 Lowrance Rd ,Bus and RV Parking,(901) 757-0269
-83.277508;36.139682;TN Cracker Barrel;Morristown-133 Cracker Rd  I-81 Exit #8 ,Bus and RV Parking,(423) 586-4555
-86.514341;36.169382;TN Cracker Barrel;Mt. Juliet-350 South Mt Juliet Rd  I-40 Exit #226 ,Bus and RV Parking,(615) 754-8300
-86.431323;35.845005;TN Cracker Barrel;Murfreesboro-138 Chaffin Pl  I-24 Exit #78B ,Bus and RV Parking,(615) 893-4980
-86.39458;35.814449;TN Cracker Barrel;Murfreesboro-2115 S Church  I-24 Exit #81B ,Bus and RV Parking,(615) 867-9067
-86.695958;36.218561;TN Cracker Barrel;Nashville-2406 Music Valley Dr ,(615) 883-5440
-86.626792;36.153881;TN Cracker Barrel;Nashville-3454 Percy Priest Dr  I-40 Exit #219 ,Bus and RV Parking,(615) 889-4325
-86.762185;36.082907;TN Cracker Barrel;Nashville-4323 Sidco Dr  I-65 Exit #78 ,(615) 331-6733
-86.901476;36.129018;TN Cracker Barrel;Nashville-6941 Charlotte Pike  I-40 Exit #201 ,Bus and RV Parking,(615) 356-5229
-83.206424;35.946444;TN Cracker Barrel;Newport-1021 Cosby Hwy  I-40 Exit #435 ,(423) 623-0676
-85.07036;35.08479;TN Cracker Barrel;Ooltewah-8852 Old Lee Hwy  I-75 Exit #11 ,Bus and RV Parking,(423) 238-8550
-83.578204;35.81309;TN Cracker Barrel;Pigeon Forge-2285 Parkway ,Bus and RV Parking,(865) 908-4459
-83.576839;35.814733;TN Cracker Barrel;Pigeon Forge-3960 Parkway ,Bus and RV Parking,(865) 428-4613
-83.57258;35.87937;TN Cracker Barrel;Sevierville-690 Winfield Dunn Pkwy ,Bus and RV Parking,(865) 908-3202
-86.574012;35.972583;TN Cracker Barrel;Smyrna-2697 Highwood Blvd  I-24 Exit #66 ,Bus and RV Parking,(615) 220-1400
-86.914562;35.778968;TN Cracker Barrel;Spring Hill-2020 Crossings Circle ,Bus and RV Parking,(931) 489-9119
-86.679694;36.466765;TN Cracker Barrel;White House-370 Hester Dr  I-65 Exit #108 ,Bus and RV Parking,(615) 672-1802
-99.699054;32.478371;TX Cracker Barrel;Abilene-1602 Highway 351  I-20 Exit #288 ,Bus and RV Parking,(325) 672-0280
-96.685607;33.076422;TX Cracker Barrel;Allen-1323 Central Expy N off I-75,(469) 854-6681
-101.811558;35.193412;TX Cracker Barrel;Amarillo-2323 I-40 East  I-40 Exit #72A ,Bus and RV Parking,(806) 372-2034
-97.063222;32.769513;TX Cracker Barrel;Arlington-1251 N Watson Rd ,Bus and RV Parking,(817) 633-5477
-97.150364;32.675889;TX Cracker Barrel;Arlington-4300 South Bowen Rd  I-20 Exit #448 ,Bus and RV Parking,(817) 465-9583
-94.980554;29.805602;TX Cracker Barrel;Baytown-5173 I-10 East  I-10 Exit #792 ,Bus and RV Parking,(281) 421-5091
-94.154601;30.038001;TX Cracker Barrel;Beaumont-5390 Walden Rd  I-10 Exit #848 ,Bus and RV Parking,(409) 842-5420
-97.454449;32.685295;TX Cracker Barrel;Benbrook-8010 SW Loop 820  I-20 Exit #429B ,Bus and RV Parking,(817) 249-3360
-96.326084;30.664529;TX Cracker Barrel;Bryan 3110 Briarcrest Dr ,979-731-8889
-97.82194;30.08532;TX Cracker Barrel;Buda-550 Old San Antonio Rd  I-35 Exit #221 ,Bus and RV Parking,(512) 295-2765
-97.317903;32.565442;TX Cracker Barrel;Burleson-13301 S Freeway  I-35 Exit #38 ,Bus and RV Parking,(817) 295-8622
-95.486182;30.36699;TX Cracker Barrel;Conroe-1301 League Line Rd  I-45 Exit #91 ,Bus and RV Parking,(936) 856-2052
-97.394317;27.718436;TX Cracker Barrel;Corpus Christi-4229 S Padre Island Dr ,Bus and RV Parking,(361) 855-1778
-97.173107;33.231158;TX Cracker Barrel;Denton-4008 North I-35  I-35 Exit #469 ,Bus and RV Parking,(940) 382-5277
-96.824416;32.617946;TX Cracker Barrel;Desoto-1421 N. Beckley Ave  I-35 Exit #416 ,Bus and RV Parking,(972) 224-3004
-106.568101;31.836823;TX Cracker Barrel;El Paso-7540 Remcon Cr  I-10 Exit #11 ,Bus and RV Parking,(915) 581-9742
-97.314263;32.82718;TX Cracker Barrel;Fort Worth-4691 Gemini Place  I-35 Exit #56A ,(817) 624-8050
-97.155426;33.677872;TX Cracker Barrel;Gainesville-4327 North I-35  I-35 Exit #501 ,(940) 612-1827
-97.036099;32.967024;TX Cracker Barrel;Grapevine-2700 Grapevine Mills Pkwy ,(972) 874-2325
-96.118526;33.016581;TX Cracker Barrel;Greenville-3401 West I-30  I-30 Exit #93A ,Bus and RV Parking,(903) 455-7176
-97.6702148;31.0715668;TX Cracker Barrel;Harker Heights-201 E. Central Expressway Suite  900 (254) 953-8290,Bus and RV Parking
-95.42361;29.980467;TX Cracker Barrel;Houston-14765 N. Freeway  I-45 Exit #63 ,Bus and RV Parking,(281) 872-0809
-99.115144;30.067757;TX Cracker Barrel;Kerrville-2110 Sidney Baker St  I-10 Exit #508 ,Bus and RV Parking,(830) 896-7808
-95.249128;30.061968;TX Cracker Barrel;Kingwood-26050 Eastex Fwy ,(281) 358-0166
-97.108455;31.603393;TX Cracker Barrel;Lacy Lakeview-4275 North I-35 ,Bus and RV Parking,(254) 799-4729
-95.114474;29.50068;TX Cracker Barrel;League City-231 Gulf Freeway S  I-45 Exit #23 ,Bus and RV Parking,(281) 332-1174
-97.001388;33.03629;TX Cracker Barrel;Lewisville-889 S Stemmons  I-35 Exit #451 ,Bus and RV Parking,(972) 436-6813
-101.957725;33.545313;TX Cracker Barrel;Lubbock-5018 Milwaukee ,Bus and RV Parking,(806) 795-9884
-98.26441;26.19445;TX Cracker Barrel;McAllen-3817 Expressway 83 ,Bus and RV Parking,(956) 683-1874
-96.634047;32.835334;TX Cracker Barrel;Mesquite-5304 N Galloway Ave  I-635 Exit #9A ,Bus and RV Parking,(972) 681-9351
-102.127;32.0349;TX Cracker Barrel;Midland-3108 N Loop 250 W ,Bus and RV Parking,(432) 689-3137
-95.3898392;29.5802184;TX Cracker Barrel;Pearland- 11019 Shadow Creek Pkwy ,(713) 340-2701
-95.7482;29.544317;TX Cracker Barrel;Rosenburg- 23801 SW Freeway ,Bus and RV Parking,(281) 239-8858
-97.693237;30.535167;TX Cracker Barrel;Round Rock-2350 North I-35  I-35 Exit #254 ,Bus and RV Parking,(512) 218-0822
-98.433421;29.351974;TX Cracker Barrel;San Antoino-3327 SE Military Dr ,210-333-0167
-98.484642;29.519991;TX Cracker Barrel;San Antoino-98 Northeast HWY 410,(210) 521-8940
-98.579977;29.544805;TX Cracker Barrel;San Antonio-11030 I-10 West and Huebner Rd  I-10 Exit #560 ,Bus and RV Parking,(210) 690-3808
-98.645178;29.436715;TX Cracker Barrel;San Antonio-123 SW Loop 410  I-410 Exit #8 ,Bus and RV Parking,(210) 521-8940
-98.401224;29.48624;TX Cracker Barrel;San Antonio-6330 I-35 North  I-35 Exit #164-A ,Bus and RV Parking,(210) 599-8080
-97.989802;29.82294;TX Cracker Barrel;San Marcos-4321 I-35 South  I-35 Exit #200 ,Bus and RV Parking,(512) 353-4122
-96.60802;33.668346;TX Cracker Barrel;Sherman-3501 U.S. Hwy 75 North ,(903) 868-9437
-97.385542;31.089921;TX Cracker Barrel;Temple-3687 S General Bruse Dr Exit  299 ,Bus and RV Parking,(254) 774-7457
-94.08118;33.45959;TX Cracker Barrel;Texarkana-3302 St Michaels Dr  I-30 Exit #220B ,Bus and RV Parking,(903) 832-3282
-95.386678;32.466689;TX Cracker Barrel;Tyler-13821 US 69 North  I-20 Exit #556 ,Bus and RV Parking,(903) 882-1322
-97.108428;31.603448;TX Cracker Barrel;Waco-4275 North I-35  I-35 Exit #339 ,Bus and RV Parking,(254) 799-4729
-97.7851;32.73023;TX Cracker Barrel;Weatherford-132 East Interstate 20  I-20 Exit #408 ,Bus and RV Parking,(817) 598-9070
-95.692112;29.783626;TX Cracker Barrel;West Houston-18151 Katy Freeway  I-10 Exit #748 ,Bus and RV Parking,(281) 492-1585
-98.52582;33.94854;TX Cracker Barrel;Wichita Falls-2400 Sierra Drive I-44 Exit# 3C (940) 851-0664,Bus and RV Parking
-111.987088;41.084323;UT Cracker Barrel;Layton-1792 N. Heritage Park Blvd  I-15 Exit #335 ,Bus and RV Parking,(801) 776-3527
-111.650308;40.160337;UT Cracker Barrel;Springville-460 S 2000 W  I-15 Exit #263 ,Bus and RV Parking,(801) 489-0133
-113.583682;37.078477;UT Cracker Barrel;St. George-1736 Convention Center Dr  I-15 Exit #6 ,Bus and RV Parking,(435) 688-1200
-111.94978;40.69928;UT Cracker Barrel;West Valley-2283 W City Center Ct  I-215 Exit #18A ,Bus and RV Parking,(801) 977-8221
-81.934027;36.715216;VA Cracker Barrel;Abingdon-909 Empire Dr  I-81 Exit #19 ,Bus and RV Parking,(276) 628-4004
-77.462967;37.758515;VA Cracker Barrel;Ashland-106 S Carter Rd  I-95 Exit #92 ,Bus and RV Parking,(804) 798-1542
-82.11986;36.62991;VA Cracker Barrel;Bristol-125 Village Circle  I-81 Exit #7 ,Bus and RV Parking,(276) 591-3250
-76.22771;36.65764;VA Cracker Barrel;Chesapeake -217 Hill Crest Parkway Exit 8 ,(757) 421-7077
-76.438864;36.818269;VA Cracker Barrel;Chesapeake- 4700 Portsmouth Blvd I-64 EXIT#  11 ,Bus and RV Parking,(757) 405-3890
-76.232204;36.779327;VA Cracker Barrel;Chesapeake-1440 Greenbrier Pkwy  I-64 Exit #289B ,Bus and RV Parking,(757) 366-0525
-77.40705;37.356126;VA Cracker Barrel;Chester-12401 Redwater Creek Rd  I-95 Exit #61 ,Bus and RV Parking,(804) 748-4032
-80.3538;37.1388;VA Cracker Barrel;Christiansburg-30 Hampton Blvd  I-81 Exit #118 ,Bus and RV Parking,(540) 382-2750
-77.32412;38.581443;VA Cracker Barrel;Dumfries-17115 Dumfries Rd  I-95 Exit #152 ,Bus and RV Parking,(703) 441-2764
-77.54362;36.70068;VA Cracker Barrel;Emporia-103 Sadler LN  I-95 Exit #11 ,Bus and RV Parking,(434) 336-9115
-77.512638;38.309083;VA Cracker Barrel;Fredericksburg-(Central Park) 1971 Carl D. Silver Pkwy  I-95 Exit #130 ,(540) 785-8352
-77.498975;38.232399;VA Cracker Barrel;Fredericksburg-5200 Southpoint Pkwy  I-95 Exit #126/126B ,Bus and RV Parking,(540) 891-7622
-78.190191;38.963196;VA Cracker Barrel;Front Royal-15 Riverton Commons Plaza  I-66 Exit #6 ,(540) 635-8052
-76.778588;37.24487;VA Cracker Barrel;Hampton-106 Marketplace Dr  I-64 Exit #263 ,(757) 262-2046
-78.906137;38.404959;VA Cracker Barrel;Harrisonburg-121 Pleasant Valley Rd  I-81 Exit #243 ,Bus and RV Parking,(540) 574-3099
-79.183145;37.354561;VA Cracker Barrel;Lynchburg-3820 Wards Rd ,Bus and RV Parking,(434) 582-1940
-77.519696;38.804595;VA Cracker Barrel;Manassas-10801 Battleview Pkwy  I-66 Exit #47B ,Bus and RV Parking,(703) 369-4641
-77.356206;37.605945;VA Cracker Barrel;Mechanicsville-7367 Bell Creek Rd S  I-295 Exit #37A ,Bus and RV Parking,(804) 559-2261
-77.642382;37.41405;VA Cracker Barrel;Midlothian-4720 Craig Rath Blvd ,(804) 763-6140
-76.501815;37.112899;VA Cracker Barrel;Newport News-12357 Hornsby Ln  I-64 Exit #255 ,Bus and RV Parking,(757) 249-3020
-77.570471;37.639279;VA Cracker Barrel;Richmond-3620 Mayland Ct  I-64 Exit #180 ,(804) 290-0713
-77.355923;37.527093;VA Cracker Barrel;Richmond-4435 S Laburnum Av I ,Bus and RV Parking,64 804-222-3587
-78.11734;36.7151;VA Cracker Barrel;South Hill-1400 Country Ln  I-85 Exit #12 ,Bus and RV Parking,(434) 774-2705
-79.03581;38.12733;VA Cracker Barrel;Staunton-128 Rowe Rd  I-81 Exit #222 ,Bus and RV Parking,(540) 885-7550
-79.900239;37.39101;VA Cracker Barrel;Troutville-3153 Lee Hwy S/ U.S. 11  I-81 Exit #150 ,Bus and RV Parking,(540) 966-5438
-76.067402;36.816154;VA Cracker Barrel;VA Beach- 757 Lynnhaven Pkwy ,(757) 340-1928
-78.9396;38.06297;VA Cracker Barrel;Waynesboro-101 Appletree Ln  I-64 Exit #94 ,Bus and RV Parking,(540) 942-0156
-76.716524;37.2848;VA Cracker Barrel;Williamsburg-200 Bypass Road/ U.S. 60  I-64 Exit #238 ,Bus and RV Parking,(757) 220-3384
-78.15738;39.15997;VA Cracker Barrel;Winchester-200 Front Royal Pike  I-81 Exit #313 ,Bus and RV Parking,(540) 722-3770
-78.52406;38.87037;VA Cracker Barrel;Woodstock-451 W Reservoir Rd  I-81 Exit #283 ,Bus and RV Parking,(540) 459-3033
-81.05653;36.94843;VA Cracker Barrel;Wytheville-160 Lithia Rd  I-81 I-77 Exit #73 ,Bus and RV Parking,(276) 228-1046
-88.127702;43.194053;WI Cracker Barrel;Germantown-W 176N 9778 Rivercrest Dr  US 41 Exit #52 ,Bus and RV Parking,(262) 253-4188
-88.992832;42.728584;WI Cracker Barrel;Janesville-2430 Fulton St  I-90 Exit #171A ,Bus and RV Parking,(608) 752-7750
-87.954695;42.571732;WI Cracker Barrel;Kenosha-7015 122nd Ave  I-94 Exit #344 ,Bus and RV Parking,(262) 857-2995
-89.77914;43.57441;WI Cracker Barrel;Lake Delton (Baraboo)-1295 Wisconsin Dells Parkway South  I-94 I-90 Exit #92 ,Bus and RV Parking,(608) 253-6777
-89.294112;43.129436;WI Cracker Barrel;Madison-2147 East Springs Dr  I-90 I-94 Exit #135C ,Bus and RV Parking,(608) 242-0560
-82.258191;38.415815;WV Cracker Barrel;Barboursville-3 Cracker Barrel Dr  I-64 Exit #20 ,(304) 733-3450
-81.217932;37.79605;WV Cracker Barrel;Beckley-2112 Harper Road  I-64 I-77 Exit #44 ,Bus and RV Parking,(304) 256-3820
-81.566323;38.313547;WV Cracker Barrel;Charleston-5720 MacCorkle Ave SE  I-64 I-77 Exit #95 ,(304) 925-6004
-81.800052;38.409853;WV Cracker Barrel;Cross Lns-11 Goff Crossing Dr  I-64 Exit #47 ,Bus and RV Parking,(304) 769-0081
-80.167859;39.441363;WV Cracker Barrel;Fairmont-2206 Pleasant Valley Road  I-79 Exit #133 ,Bus and RV Parking,(304) 363-2884
-80.00638;39.654582;WV Cracker Barrel;Gransville(Morgantown)-2000 University Town Centre Dr  I-79 Exit #155 ,Bus and RV Parking,(304) 598-5651
-77.987481;39.459537;WV Cracker Barrel;Martinsburg-725 Foxcroft Ave  I-81 Exit #13 ,Bus and RV Parking,(304) 262-3660
-81.533086;39.19323;WV Cracker Barrel;Mineral Wells-100 Rector Rd  I-77 Exit #170 ,Bus and RV Parking,(304) 489-2382
-81.05533;37.359888;WV Cracker Barrel;Princeton-294 Meadowfield Ln  I-77 Exit #9 ,(304) 425-4003
-80.591841;40.063901;WV Cracker Barrel;Triadelphia-127 Fort Henry Rd I-70 Exit #10 ,Bus and RV Parking,(304) 547-0268
